Zip,Latitude,Longitude
78615,30.460373,-97.3935
79358,33.425342,-102.16505
76161,32.771419,-97.291484
79338,33.593213,-102.362709
88581,31.694842,-106.299987
77028,29.827315,-95.28631
78572,26.234417,-98.34205
79171,35.401475,-101.895089
79766,31.749504,-102.32177
79776,31.730204,-102.62831
79902,31.775458,-106.4945
77036,29.70053,-95.53514
78241,29.437532,-98.461582
78714,30.335787,-97.443751
75077,33.075138,-97.0529
75323,32.767268,-96.777626
75602,32.474499,-94.712
76028,32.535841,-97.30681
77225,29.83399,-95.434241
78215,29.438032,-98.48114
75408,33.349316,-96.548597
75659,32.507491,-94.110636
76249,33.270036,-97.24859
77336,30.045495,-95.10714
78417,27.729855,-97.44503
79870,30.354251,-103.658391
75785,31.79364,-95.16761
75936,30.942336,-94.58376
76126,32.649476,-97.49124
76569,30.932552,-97.22374
77519,30.249734,-94.60291
75232,32.664034,-96.83886
76574,30.574821,-97.40948
77833,30.183651,-96.40258
78722,30.289307,-97.71659
77058,29.55283,-95.10265
78557,26.105725,-98.24639
75056,33.081421,-96.88957
77384,30.233865,-95.49679
75376,32.767268,-96.777626
77387,30.378446,-95.557004
79180,35.401475,-101.895089
79701,31.995623,-102.08108
76566,31.506687,-97.98997
77095,29.896656,-95.64842
78117,28.956196,-97.95012
79960,31.694842,-106.299987
75068,33.173008,-96.95485
77399,30.817866,-94.869052
79911,31.694842,-106.299987
75067,33.020118,-97.00771
75501,33.414708,-94.08984
78683,30.656817,-97.602552
79369,33.91843,-102.15822
79698,32.475074,-99.73484
76077,32.28122,-97.70927
76192,32.771419,-97.291484
77507,29.624686,-95.06111
76136,32.771419,-97.291484
76628,32.045029,-96.96601
78476,27.777,-97.463213
78516,26.175021,-98.11969
76449,32.908714,-98.35727
76823,31.714347,-99.14462
76457,31.944207,-98.02763
76597,31.390196,-97.799309
79360,32.718232,-102.73458
75040,32.920574,-96.62639
75151,32.062395,-96.473459
75458,33.242656,-96.291572
75681,31.934633,-94.68886
77965,29.444297,-96.952091
79250,33.870404,-101.60467
77219,29.83399,-95.434241
76078,33.072675,-97.473
77554,29.221289,-94.94455
75666,32.301898,-94.928795
76011,32.753672,-97.08706
77567,29.545836,-95.041532
77455,29.095463,-96.40324
77954,29.09649,-97.28798
76951,31.818347,-101.0455
88513,31.694842,-106.299987
76859,30.873091,-99.8296
77345,30.062436,-95.16945
78335,27.912454,-97.188437
78574,26.244013,-98.31176
79408,33.565926,-101.92669
75283,32.767268,-96.777626
77496,29.525461,-95.756462
79102,35.197852,-101.84543
79121,35.173704,-101.92914
78380,27.782255,-97.68609
78631,30.334152,-99.2956
79537,32.269772,-100.23572
78040,27.514845,-99.49991
79544,33.308203,-99.86203
75711,32.539879,-95.419983
88543,31.694842,-106.299987
75002,33.092846,-96.62447
75240,32.938774,-96.78543
76155,32.830932,-97.04778
88540,31.694842,-106.299987
79758,32.020274,-102.35512
76431,33.293652,-97.8597
79008,35.631621,-101.599447
75355,32.767268,-96.777626
75389,32.767268,-96.777626
78932,30.141287,-96.6909
78053,28.906103,-98.2802
78126,29.55302,-98.486871
79016,34.96539,-101.895894
79256,33.915528,-100.81731
78042,27.565464,-99.476792
78219,29.448379,-98.39908
78475,27.777,-97.463213
79311,33.857895,-101.88156
78703,30.290907,-97.76277
79239,34.637427,-100.76388
78341,27.592468,-98.414188
75657,32.768011,-94.34908
76034,32.885062,-97.14923
78607,30.833543,-98.47938
78614,29.406434,-97.5869
76539,31.071352,-97.97615
88520,31.694842,-106.299987
78638,29.655639,-97.77219
79021,33.980231,-102.02668
79046,36.113986,-100.09235
79235,33.941748,-101.30072
78214,29.363335,-98.49049
75116,32.658384,-96.91265
75132,32.941014,-96.38095
77489,29.601141,-95.51772
78535,26.245051,-97.74157
79185,35.401475,-101.895089
79936,31.766355,-106.29828
79372,33.45798,-102.48829
78587,26.316452,-98.639793
78648,29.694257,-97.6533
75356,32.767268,-96.777626
76129,32.771419,-97.291484
78569,26.39381,-97.7113
75050,32.759922,-97.01216
75270,32.78133,-96.80198
75416,33.675155,-95.37293
76869,30.909853,-98.98395
78043,27.538658,-99.38274
78537,26.165352,-98.05568
78655,29.838163,-97.84178
79502,33.151713,-100.25449
78639,30.663209,-98.44588
76909,31.39577,-100.68959
77505,29.650492,-95.14632
75762,32.207845,-95.41859
75954,31.95015,-94.05761
76008,32.690922,-97.64013
76191,32.771419,-97.291484
76531,31.696154,-98.14834
77413,29.83399,-95.434241
77432,29.064542,-96.21454
75977,31.038417,-93.80057
76351,33.574426,-98.63462
76540,31.085833,-97.357099
77651,29.980863,-93.96038
78124,29.570379,-98.14606
78261,29.698045,-98.42624
75474,32.896295,-96.06999
75976,31.506076,-94.94939
77059,29.601776,-95.11734
79223,34.216509,-100.47198
79368,33.044702,-102.099276
79851,31.182009,-105.34084
75642,32.386275,-94.210541
75831,31.453732,-96.03725
75844,31.505916,-95.46315
76253,33.624401,-97.31704
78626,30.643058,-97.64713
76114,32.781329,-97.40099
78070,29.898176,-98.40135
76227,33.274761,-96.99457
76363,33.481208,-99.51447
76795,31.553646,-97.203166
88587,31.694842,-106.299987
78881,29.361493,-99.50497
79382,33.483465,-102.02033
79772,31.388404,-103.52515
76013,32.721632,-97.14698
76367,33.958681,-98.68492
77446,30.082131,-95.99178
77212,29.83399,-95.434241
78934,29.712052,-96.56134
77412,29.575183,-96.46831
75160,32.747747,-96.28923
75220,32.867977,-96.86306
76004,32.771419,-97.291484
79937,31.694842,-106.299987
75087,32.93382,-96.45446
79918,31.831782,-106.390656
78879,29.628266,-99.73847
79789,31.753101,-103.15737
79836,31.570185,-106.2133
75403,33.218505,-96.048665
78108,29.574127,-98.23308
79181,35.401475,-101.895089
79257,34.444761,-101.32582
79978,31.799275,-106.382757
75315,32.767268,-96.777626
77373,30.056394,-95.38961
75157,32.455407,-96.439495
79174,35.401475,-101.895089
88519,31.694842,-106.299987
75420,33.052712,-95.72124
77005,29.717529,-95.42821
78164,28.988817,-97.51773
78616,29.928764,-97.56317
78008,28.759107,-98.2173
76856,30.75159,-99.23238
76908,31.39577,-100.68959
77476,29.686804,-95.99738
77735,30.095391,-95.628023
79109,35.171903,-101.87581
75452,33.385224,-96.24782
75765,32.617073,-95.22445
77641,29.847569,-94.129733
75228,32.825227,-96.67955
77484,30.068888,-95.92499
75901,31.330567,-94.68667
78374,27.884565,-97.32054
75387,32.767268,-96.777626
77088,29.879213,-95.45028
77516,29.183991,-95.465083
78256,29.623533,-98.62493
78543,26.298611,-97.99464
78729,30.451348,-97.76588
76623,32.221421,-96.7832
75928,30.680344,-93.68535
77066,29.959439,-95.49694
76677,31.254242,-96.937574
77566,29.036879,-95.44103
79405,33.570035,-101.84984
76310,33.841948,-98.5624
76565,31.650023,-98.36186
77404,28.798156,-95.651058
78403,27.777,-97.463213
75359,32.767268,-96.777626
75262,32.767268,-96.777626
76234,33.263039,-97.55657
76882,31.801928,-99.68057
77406,29.50401,-95.919107
78270,29.437532,-98.461582
78748,30.17202,-97.82265
78959,29.697311,-97.29077
79065,35.533093,-100.96041
79731,31.389079,-102.35059
76681,31.90869,-96.40744
77461,29.401461,-95.82334
77633,30.158637,-96.407936
79034,36.397469,-100.16168
76068,32.759769,-98.316175
76308,33.859798,-98.54064
78469,27.777,-97.463213
79331,32.714521,-101.94086
79606,32.360362,-99.79886
75958,31.534162,-94.639022
76454,32.214932,-98.68404
76554,30.985136,-97.35508
88534,31.694842,-106.299987
76803,31.763882,-98.936021
76853,31.238292,-98.40241
78336,27.915764,-97.15436
76513,31.073329,-97.48642
76544,31.148447,-97.80918
77371,30.488028,-94.99963
78591,26.749896,-98.583016
79043,34.423414,-102.12132
75173,33.048275,-96.42153
75386,32.767268,-96.777626
79954,31.694842,-106.299987
77203,29.83399,-95.434241
77508,29.569927,-95.106637
77616,30.564151,-94.2076
77873,30.56335,-95.8337
79987,31.694842,-106.299987
78156,29.611797,-97.971208
78608,30.9306,-97.90929
79095,34.858194,-100.20763
75450,33.404332,-95.52546
75451,32.971224,-95.11339
75713,32.411237,-95.289903
76116,32.72228,-97.44409
76117,32.805379,-97.27036
76444,32.122804,-98.55799
76520,30.851922,-96.96323
77431,29.173701,-95.820719
77541,28.975247,-95.34357
78131,29.79918,-98.338419
78212,29.460381,-98.49649
79783,32.369835,-102.03317
75057,33.04867,-96.99321
75852,30.984335,-95.71669
77632,30.182584,-93.79964
79022,36.090281,-102.60769
79526,32.627475,-100.76416
77433,29.884175,-95.72219
79699,32.466474,-99.711665
79251,34.975549,-100.44628
79357,33.667836,-101.38794
79742,31.34197,-102.8564
79855,31.099326,-104.69511
75801,31.779481,-95.63325
79225,34.261752,-99.5202
77218,29.83399,-95.434241
77450,29.758799,-95.74751
78358,28.065865,-97.04066
79755,31.608083,-101.86524
73301,30.326374,-97.771258
78766,30.442202,-97.62333
79985,31.694842,-106.299987
88554,31.694842,-106.299987
76487,33.009411,-97.89968
76831,30.776619,-98.95072
75367,32.767268,-96.777626
78283,29.437532,-98.461582
76015,32.691393,-97.13546
78159,29.269305,-97.60044
78284,29.442632,-98.491344
78675,30.460464,-98.71911
75849,31.398448,-95.4737
76036,32.573816,-97.38491
76198,32.771419,-97.291484
76244,32.771419,-97.291484
75248,32.968123,-96.78863
75802,31.926836,-95.579561
88514,31.694842,-106.299987
76867,31.217152,-99.347156
75265,32.767268,-96.777626
77342,30.78128,-95.59527
77861,30.752599,-96.09691
78207,29.423932,-98.5235
78289,29.437532,-98.461582
75429,33.237722,-95.90886
76084,32.434322,-97.09988
76181,32.771419,-97.291484
79518,33.361766,-100.6895
77850,31.313816,-95.993482
78671,30.230188,-98.62152
79231,33.943005,-101.09236
76261,33.817816,-97.94159
77436,29.375762,-96.227967
78145,28.650728,-98.00056
78502,26.25671,-98.198929
78658,29.592212,-97.58922
75443,33.469719,-96.111103
78670,29.777564,-97.81966
78843,29.356379,-100.79269
78410,27.846568,-97.59435
75755,32.649482,-95.1259
88579,31.694842,-106.299987
77027,29.739029,-95.44364
78235,29.33906,-98.42793
78719,30.163458,-97.67711
79346,33.688713,-102.81775
79858,31.509199,-106.151727
75267,32.767268,-96.777626
77328,30.188885,-94.804065
78847,29.763171,-101.230032
76471,32.105459,-98.96537
79764,31.86577,-102.45367
75780,31.782048,-95.164021
76133,32.655401,-97.37765
77502,29.680079,-95.19966
78711,30.326374,-97.771258
78726,30.439053,-97.83503
79347,34.206848,-102.78511
76652,32.109599,-97.54276
77462,29.298532,-96.241147
78861,29.379516,-99.12665
75042,32.915625,-96.67399
75225,32.862876,-96.7904
75410,32.793512,-95.63182
75478,33.17329,-95.36663
77437,29.197701,-96.2774
79565,32.358785,-101.07207
75258,32.767268,-96.777626
78593,26.27109,-97.82904
79087,36.316305,-102.97676
75208,32.751464,-96.83864
79367,33.588639,-102.16126
79781,30.703917,-101.87223
76041,32.244026,-96.86701
76266,33.358871,-97.18944
75313,32.767268,-96.777626
75089,32.923924,-96.54697
76678,31.652858,-96.78857
76131,32.873017,-97.34622
77357,30.170751,-95.17832
77060,29.933367,-95.39916
76687,31.376261,-96.49614
78944,29.975083,-96.50081
79924,31.901737,-106.41827
76930,31.148007,-101.18632
88560,31.694842,-106.299987
79464,33.489623,-102.010895
79986,31.694842,-106.299987
75838,31.476671,-96.22212
76505,31.036287,-97.492017
79536,32.473679,-100.02753
78880,30.065334,-100.17202
77303,30.368543,-95.40217
78353,26.894094,-98.21561
75605,32.557684,-94.74353
75701,32.325214,-95.29467
76845,31.547652,-99.47679
77902,28.925513,-97.100624
78360,27.071318,-98.686327
76241,33.610384,-97.03692
75222,32.767268,-96.777626
75426,33.626445,-95.03534
76655,31.393062,-97.16178
77045,29.629111,-95.43841
77830,30.536223,-96.0229
77994,29.195217,-97.47799
79040,36.27128,-101.49483
78362,27.866143,-97.20712
79313,33.823216,-102.16413
76268,33.621928,-96.7649
78418,27.633433,-97.26792
78609,30.744225,-98.43167
76134,32.649855,-97.33358
77331,30.619313,-95.13802
79371,34.068183,-102.52625
78667,30.054378,-98.003574
79003,35.629034,-100.09291
79406,33.583798,-101.87525
75773,32.674657,-95.46982
76203,33.246457,-97.127027
76797,31.553646,-97.203166
77020,29.775927,-95.31836
77359,30.735628,-95.30405
78411,27.733058,-97.38542
79841,32.624796,-103.597991
88510,31.694842,-106.299987
75806,33.169075,-96.904315
76094,32.771419,-97.291484
77874,30.049881,-95.929015
78599,26.409709,-98.224206
77510,29.371171,-95.08552
78468,27.777,-97.463213
78720,30.326374,-97.771258
79345,33.344598,-102.28814
75390,32.767268,-96.777626
75172,32.598845,-96.6831
76546,31.036287,-97.492017
79221,34.071514,-101.30313
88595,31.694842,-106.299987
79114,35.050003,-101.817485
79994,31.694842,-106.299987
75684,32.26958,-94.94935
77270,29.83399,-95.434241
77670,30.054793,-93.903108
76643,31.453789,-97.19502
77494,29.760833,-95.81104
88538,31.694842,-106.299987
78160,29.237074,-97.95439
76522,31.131076,-97.91666
78387,28.054995,-97.5133
79703,31.984823,-102.13015
75260,32.767268,-96.777626
79116,35.245398,-101.999047
78622,29.760052,-97.77727
79012,35.191525,-102.08831
79926,31.694842,-106.299987
77842,30.65212,-96.341012
75101,32.267846,-96.6967
75779,31.794191,-95.661964
76085,32.847183,-97.6986
78704,30.246309,-97.76087
79913,31.93728,-106.572393
75229,32.895376,-96.85985
76828,32.023828,-99.23597
77007,29.772627,-95.40319
79062,36.004239,-101.54672
76957,31.359844,-100.206705
76049,32.440376,-97.72002
77014,29.979063,-95.47294
78142,28.52604,-97.78256
78738,30.340111,-97.98869
75016,32.767268,-96.777626
76385,34.146356,-99.214088
77320,30.805099,-95.50719
77449,29.825908,-95.7301
76651,32.175783,-96.88018
77353,30.180626,-95.70925
77989,28.997449,-97.153868
79942,31.694842,-106.299987
75947,31.373062,-93.821948
76557,31.29697,-97.38491
76691,31.783019,-97.07945
78727,30.425652,-97.71419
79831,30.349136,-103.69271
79259,34.391847,-100.40597
79329,33.701827,-101.69093
75839,31.627557,-95.53225
79093,36.280101,-101.04673
76137,32.86814,-97.28566
78467,27.777,-97.463213
78540,26.319405,-98.190922
78594,26.344765,-97.80031
78762,30.326374,-97.771258
79906,31.809263,-106.43081
78147,29.072412,-98.07786
79763,31.817344,-102.42315
76304,33.931024,-98.499077
76573,30.805512,-97.470456
76258,33.385645,-96.95213
76639,31.881324,-96.70164
77034,29.63643,-95.21789
77872,30.892212,-96.10346
78620,30.24108,-98.10753
79078,35.71177,-101.54716
75564,32.880182,-94.27725
78021,28.52856,-98.80845
76345,32.38253,-98.404816
78002,29.288108,-98.72878
79567,31.965685,-99.93471
75149,32.767329,-96.60759
75185,32.740332,-96.561846
79948,31.694842,-106.299987
75119,32.331239,-96.61962
76842,30.92753,-99.08975
78062,28.919999,-98.552942
78628,30.674349,-97.72338
77003,29.749278,-95.34741
77419,28.872088,-96.2316
78541,26.319427,-98.154881
79053,34.39174,-102.60242
79240,34.896396,-100.76721
77217,29.83399,-95.434241
77491,29.83399,-95.434241
75046,32.767268,-96.777626
76204,33.20743,-97.116282
77704,30.12355,-94.153941
78074,29.950969,-98.79093
78538,26.344688,-97.96961
78933,29.773128,-96.39342
79846,29.444333,-104.11628
88561,31.694842,-106.299987
78250,29.510204,-98.66784
76450,33.081863,-98.60091
78383,28.066598,-97.92891
78860,28.513787,-100.31647
76432,31.82741,-98.80286
76239,33.530807,-97.54944
77263,29.83399,-95.434241
78763,30.335398,-97.559807
79952,31.694842,-106.299987
78150,29.437532,-98.461582
78715,30.450088,-97.486509
77479,29.573345,-95.63213
78019,28.062471,-99.4289
76384,34.142094,-99.29649
75763,32.072339,-95.50433
76366,33.760814,-98.72148
76501,31.093215,-97.31086
77042,29.741565,-95.55996
76686,31.752538,-96.54327
77091,29.852975,-95.43586
78463,27.777,-97.463213
76549,31.084108,-97.79149
78871,29.763171,-101.230032
76801,31.73003,-99.00605
79258,34.071514,-101.30313
79607,32.417269,-99.82203
78480,27.777,-97.463213
79330,33.04993,-101.14146
79261,34.408268,-100.87132
77865,31.222211,-96.24043
78295,29.437532,-98.461582
79839,31.270689,-105.6653
78027,30.002501,-98.57124
78414,27.672334,-97.37051
77037,29.885451,-95.39552
78015,29.743603,-98.64854
78570,26.169728,-97.91232
78652,30.12848,-97.8438
79992,31.694842,-106.299987
75138,32.767268,-96.777626
88578,31.694842,-106.299987
78224,29.333436,-98.53934
78504,26.26273,-98.23082
76065,32.484094,-96.98672
76177,32.949819,-97.31406
88511,31.694842,-106.299987
75645,32.690553,-94.863311
79378,33.037656,-102.44248
79546,32.87144,-100.46635
75402,33.082411,-96.08977
75504,33.476552,-94.39495
78291,29.437532,-98.461582
78627,30.673597,-97.646143
79027,34.539266,-102.37108
75882,31.794191,-95.661964
77093,29.862024,-95.33967
77447,30.065152,-95.8144
75074,33.028921,-96.68102
77555,29.330501,-94.800238
78660,30.450122,-97.623
78745,30.207559,-97.79575
79323,32.976623,-102.84661
79749,32.255909,-101.81824
75440,32.882305,-95.73842
76420,33.036724,-98.595422
76710,31.535916,-97.18588
76373,34.147838,-99.11818
77974,28.897693,-97.29589
78049,27.732094,-99.505138
79997,31.694842,-106.299987
77068,30.007886,-95.48532
77293,29.83399,-95.434241
75252,32.998132,-96.79088
79602,32.40769,-99.72107
88536,31.694842,-106.299987
77663,30.520625,-94.43631
78850,29.334701,-99.33534
79052,34.356732,-101.76769
79538,32.011087,-99.63167
79930,31.803457,-106.45758
75275,32.767268,-96.777626
75507,33.393447,-94.340437
88542,31.694842,-106.299987
78536,26.421394,-98.848757
79925,31.782408,-106.36353
76675,31.416468,-96.81813
76832,30.98609,-98.67201
77004,29.728779,-95.3657
77517,29.382307,-95.12768
88584,31.694842,-106.299987
78759,30.406169,-97.75743
78201,29.466781,-98.52519
78665,30.219829,-98.358613
78774,30.326374,-97.771258
79741,31.983989,-102.64729
76306,33.942496,-98.51923
76936,30.860483,-100.53988
77726,30.111843,-94.190147
75011,32.767268,-96.777626
75202,32.77988,-96.80502
75641,32.382771,-94.57945
75163,32.17548,-96.10935
75392,32.767268,-96.777626
75550,33.530829,-94.90585
76862,31.445119,-99.70831
77344,30.78128,-95.59527
88557,31.694842,-106.299987
78561,26.561287,-97.429952
79106,35.204652,-101.88353
76902,31.39577,-100.68959
77482,29.035651,-95.89207
79734,30.626134,-103.98274
79998,31.694842,-106.299987
78578,26.080434,-97.25024
78963,29.930184,-97.0269
77074,29.689781,-95.51161
79705,32.029022,-102.08618
77612,30.433087,-93.96897
77030,29.704584,-95.40466
75978,31.502292,-94.52803
78133,29.883884,-98.25219
78258,29.649797,-98.50406
75076,33.818635,-96.69338
75182,32.803646,-96.56965
76108,32.762563,-97.48079
77707,30.065029,-94.18031
77065,29.927675,-95.60547
79528,33.238378,-100.57389
75378,32.767268,-96.777626
75249,32.639661,-96.95317
77650,29.43186,-94.68252
75604,32.523779,-94.80692
76265,33.701692,-97.53029
78851,30.075997,-101.95574
75449,33.427504,-95.95578
75606,32.369393,-94.616062
75858,31.369811,-95.09184
76051,32.93195,-97.08498
77226,29.83399,-95.434241
77864,30.956147,-95.91606
88530,31.694842,-106.299987
78674,30.674667,-97.59286
78779,30.326374,-97.771258
75754,32.412451,-95.66711
75110,32.078228,-96.44612
78130,29.699844,-98.10754
79123,35.401475,-101.895089
78298,29.437532,-98.461582
79061,35.534558,-100.44105
79336,33.609208,-102.41478
79768,31.869142,-102.542944
75146,32.590063,-96.75892
77267,29.83399,-95.434241
75766,31.953855,-95.25281
88546,31.694842,-106.299987
77367,30.848603,-95.39644
76429,32.74154,-98.67089
77454,29.553544,-96.22224
78761,30.326374,-97.771258
79953,31.694842,-106.299987
75566,33.157897,-94.50853
75644,32.727128,-94.9577
76050,32.27442,-97.19282
78045,27.648832,-99.53371
79512,32.368824,-100.93689
76680,31.190291,-96.81034
77385,30.18771,-95.43893
78746,30.287739,-97.8022
76848,30.847791,-99.52617
77444,29.29995,-95.79753
78293,29.437532,-98.461582
76201,33.226598,-97.13061
77021,29.695879,-95.3573
77488,29.307347,-96.09055
77963,28.685027,-97.40221
78373,27.818477,-97.07998
78659,30.210685,-97.11662
75053,32.767268,-96.777626
75428,33.25868,-95.91061
76039,32.858727,-97.08453
75236,32.685533,-96.91746
78972,30.31536,-97.663293
79320,33.861914,-102.67355
77090,30.012711,-95.45132
77422,29.011241,-95.58071
77870,31.050207,-96.42982
78154,29.577359,-98.2787
76226,33.105309,-97.16294
76443,32.103546,-99.17874
76578,30.55063,-97.24963
76890,31.685153,-98.77741
77979,28.604717,-96.63023
79563,32.442465,-99.87238
75485,33.362227,-96.46299
75488,33.76225,-96.00418
75680,32.00923,-94.71766
76014,32.694666,-97.08748
88565,31.694842,-106.299987
75668,32.920957,-94.69722
77837,30.993313,-96.6808
75144,32.120271,-96.22474
77262,29.83399,-95.434241
77362,30.152265,-95.67556
77656,30.390569,-94.18056
77802,30.655348,-96.34056
79117,35.308889,-101.843033
75930,31.340382,-94.02062
76178,32.771419,-97.291484
78605,30.760216,-98.03579
78730,30.359935,-97.83125
75284,32.767268,-96.777626
78121,29.351202,-98.11528
78379,27.299073,-97.78433
77855,31.134863,-96.11889
78950,29.909257,-96.49617
75455,33.166739,-94.9814
76644,31.897381,-97.64097
76886,31.349348,-100.494912
76556,30.702352,-96.85039
77661,29.780948,-94.390045
77325,29.83399,-95.434241
79035,34.631714,-102.72658
75051,32.728982,-97.00428
75943,31.654777,-94.90988
77441,29.685917,-95.91804
77987,29.347975,-96.900331
79054,35.444006,-100.80119
76637,31.771383,-97.82298
77426,30.132693,-96.25388
78269,29.437532,-98.461582
79404,33.549785,-101.82634
79416,33.591877,-101.94754
78734,30.378675,-97.95028
76632,31.287625,-97.06076
77445,30.096649,-96.06979
77565,29.541285,-95.02996
78568,26.190402,-97.542263
75397,32.767268,-96.777626
75788,31.825527,-94.91759
78047,27.564249,-99.471719
76874,30.480128,-100.1175
77038,29.917814,-95.44138
78404,27.770056,-97.4001
79226,34.971719,-100.90662
75651,32.6941,-94.54519
77369,30.480319,-94.75643
79975,31.694842,-106.299987
77532,29.920121,-95.07327
75206,32.826128,-96.7712
78014,28.43544,-99.21676
78654,30.566681,-98.30756
79710,31.869259,-102.031726
75166,33.022051,-96.43601
75560,33.189862,-94.37468
78953,29.846862,-97.3318
78595,26.272363,-98.5587
75049,32.767268,-96.777626
78352,27.973465,-97.68169
78381,28.013108,-97.09364
77451,29.447947,-96.0007
76463,32.493233,-98.41805
78586,26.111261,-97.63519
78739,30.17207,-97.87284
79847,31.820395,-105.30882
75235,32.828128,-96.84612
75601,32.505248,-94.73172
76490,32.95802,-98.01942
78576,26.24901,-98.45014
79730,31.17942,-103.03594
77627,29.974013,-93.99986
77713,30.090135,-94.2467
79708,31.869259,-102.031726
77364,30.756728,-95.20485
75126,32.745373,-96.46038
75652,32.194938,-94.75852
78505,26.409709,-98.224206
77050,29.896156,-95.28687
75663,32.386976,-94.895098
76526,31.295568,-97.582152
77440,28.887522,-96.14826
79380,33.733418,-102.33103
79834,29.321321,-103.21085
77374,30.378705,-94.64906
75669,32.03719,-94.57688
77337,29.83399,-95.434241
76303,33.897073,-98.459792
78143,29.248705,-97.84412
78725,30.231583,-97.60992
76372,33.224562,-98.86043
78251,29.466061,-98.67004
77720,29.847569,-94.129733
78634,30.540874,-97.54611
76225,33.360331,-97.69158
75153,32.142925,-96.32632
79830,30.011559,-103.56444
76630,31.337382,-97.22762
78772,30.326374,-97.771258
79124,35.244819,-101.95391
76424,32.761058,-98.92225
79036,35.625603,-101.61413
79550,32.747707,-100.9153
75187,32.767268,-96.777626
76088,32.842085,-97.90477
76485,32.779315,-97.805502
76665,31.922473,-97.69159
77002,29.755578,-95.36531
77807,30.68416,-96.46101
77838,30.513118,-96.618047
78221,29.326586,-98.50217
78552,26.195591,-97.75321
75142,32.574299,-96.30377
76208,33.198442,-97.06078
75792,32.476905,-95.13088
75563,33.005009,-94.37603
75127,32.68309,-95.79436
75159,32.628858,-96.53811
76634,31.798454,-97.52516
77978,28.672399,-96.55725
78057,29.047934,-99.0416
78952,29.896219,-96.943868
75070,33.212203,-96.67522
78213,29.510562,-98.52203
78230,29.539562,-98.55253
78384,27.683506,-98.38142
79733,32.110298,-101.3655
75015,32.767268,-96.777626
76667,31.669823,-96.48721
77580,29.856137,-94.842939
76073,33.122273,-97.71691
76271,33.469076,-96.91632
77085,29.621746,-95.48695
77215,29.83399,-95.434241
77443,29.346878,-96.19287
75570,33.465282,-94.41954
76904,31.344515,-100.47217
77280,29.83399,-95.434241
77327,30.35469,-95.04514
77995,29.254632,-97.13046
78676,30.022492,-98.13294
75381,32.767268,-96.777626
78343,27.60549,-97.78572
78657,30.538867,-98.36511
75482,33.143752,-95.60102
75702,32.360498,-95.3071
76246,33.41798,-97.46457
76299,33.20743,-97.116282
76903,31.468911,-100.4387
79056,36.232046,-100.27971
77064,29.923638,-95.55919
78163,29.758619,-98.44199
78883,29.671077,-99.34384
75962,31.699494,-94.607432
76707,31.552266,-97.15957
77044,29.88277,-95.16782
77053,29.596666,-95.45981
77302,30.238563,-95.38927
75480,33.04314,-95.19302
75932,31.067439,-93.61936
75020,33.754053,-96.57867
75388,32.767268,-96.777626
75851,31.104197,-95.46434
76543,31.113828,-97.69246
76712,31.514067,-97.23546
77259,29.83399,-95.434241
77372,30.220237,-95.16723
78512,26.232613,-98.348534
78478,27.777,-97.463213
79232,33.773871,-100.61443
76524,31.279614,-97.22336
77396,29.951621,-95.26785
79519,32.043108,-99.70865
76150,32.771419,-97.291484
77452,29.849283,-96.313271
75496,33.350543,-96.05705
75884,31.794191,-95.661964
76210,33.143186,-97.088337
76230,33.54007,-97.88575
75212,32.78238,-96.86945
76883,29.956952,-100.227509
78123,29.598103,-98.04346
79312,34.017448,-102.3858
79993,31.694842,-106.299987
77220,29.83399,-95.434241
79070,36.336972,-100.82966
73344,30.326374,-97.771258
75835,31.315837,-95.47393
75030,32.91747,-96.534737
76711,31.520296,-97.15099
78280,29.437532,-98.461582
78760,30.326374,-97.771258
79782,32.09023,-101.81691
76022,32.831228,-97.14593
78613,30.501272,-97.83087
78782,30.326374,-97.771258
76115,32.680333,-97.33579
75422,33.146779,-95.93998
76692,31.975949,-97.35499
77054,29.683865,-95.39772
78718,30.326374,-97.771258
79521,33.147497,-99.70246
75041,32.881525,-96.64601
75109,32.03049,-96.383005
75825,31.64775,-95.082239
78249,29.569934,-98.61282
78618,30.486818,-99.17526
78243,29.437532,-98.461582
79757,31.566763,-103.014646
88574,31.694842,-106.299987
76702,31.547516,-97.14433
77626,30.203996,-93.886646
78361,27.17199,-98.73083
78579,26.087777,-97.9719
76061,32.502674,-97.16347
78789,30.326374,-97.771258
76102,32.75388,-97.32987
88545,31.694842,-106.299987
79058,35.837775,-101.892846
75035,33.130086,-96.78177
77071,29.647637,-95.51718
76682,31.475763,-96.9179
75353,32.767268,-96.777626
76123,32.623807,-97.37548
76906,31.372754,-100.495114
77999,29.495537,-94.961797
79643,30.711061,-101.215979
75407,33.14572,-96.49664
75638,33.02583,-94.72481
76263,33.487842,-97.421155
75264,32.767268,-96.777626
79042,34.759887,-101.83116
76627,32.122106,-97.41864
75148,32.183649,-96.01862
75637,32.102729,-94.493543
75104,32.588536,-96.94949
77006,29.741878,-95.38944
78941,29.719856,-97.1249
79233,34.545031,-100.43729
79945,31.694842,-106.299987
79001,35.2195,-102.71795
79532,32.409433,-100.71285
79785,31.306912,-103.79377
75205,32.836094,-96.79524
76018,32.65392,-97.08724
76798,31.547466,-97.11997
76958,31.663529,-100.71789
75435,33.507909,-95.31828
75974,31.943273,-94.24291
76459,33.277727,-98.39461
76238,33.491311,-97.39136
77539,29.468772,-95.02689
78134,29.687579,-98.120104
75301,32.767268,-96.777626
75966,30.831678,-93.74869
77587,29.66223,-95.23106
77972,28.525453,-96.694818
88572,31.694842,-106.299987
75154,32.526123,-96.82325
75572,33.210952,-94.13364
79571,33.158381,-99.718725
78239,29.51613,-98.36161
79175,35.401475,-101.895089
77391,29.83399,-95.434241
77615,30.316847,-94.07395
75230,32.901176,-96.79054
75694,32.653731,-94.342725
79244,34.070936,-100.82488
79786,31.383297,-103.556598
76472,32.617128,-98.17476
76945,31.890079,-100.5669
78102,28.426202,-97.74806
79552,32.944761,-99.800304
75080,32.969523,-96.74093
75254,32.946069,-96.794496
76511,30.798697,-97.42363
76704,31.571266,-97.12201
77867,30.748833,-96.57391
79014,35.866528,-100.31313
79854,30.647349,-104.52192
75028,33.033214,-97.05965
75683,32.809766,-94.70513
77266,29.83399,-95.434241
77480,29.055954,-95.71344
77950,28.390776,-96.84723
78050,29.072689,-98.48916
78773,30.326374,-97.771258
79738,32.723865,-101.45811
76371,33.463284,-99.63839
75025,33.086868,-96.74504
75364,32.767268,-96.777626
75902,31.362315,-94.761103
76058,32.461964,-97.40774
78641,30.547001,-97.87006
79996,31.694842,-106.299987
77268,29.83399,-95.434241
79423,33.496603,-101.86923
79745,31.847071,-103.08399
75023,33.054671,-96.73506
75135,33.075653,-96.23774
75219,32.812462,-96.81412
75492,33.566266,-96.01082
75973,31.735326,-93.90706
76164,32.771419,-97.291484
76885,30.904481,-98.79242
77010,29.754728,-95.36216
77363,30.281863,-95.85326
79989,31.694842,-106.299987
77617,29.507243,-94.52028
78252,29.335577,-98.70173
75862,30.94481,-95.33298
76193,32.771419,-97.291484
79553,32.943145,-99.81595
76007,32.771419,-97.291484
77878,30.490162,-96.4698
78549,26.44489,-98.01478
75972,31.514959,-94.16169
78709,30.326374,-97.771258
78161,29.273819,-98.05424
78060,28.421814,-98.071902
78409,27.806753,-97.50971
75964,31.61099,-94.70503
77201,29.83399,-95.434241
77642,29.921564,-93.92694
78832,29.313559,-100.42452
79904,31.852156,-106.44181
79082,34.209814,-102.29761
78006,29.851666,-98.72932
79413,33.547735,-101.88881
75468,33.536414,-95.39817
76426,33.197313,-97.80932
76821,31.754011,-99.93695
78058,30.070414,-99.69191
78116,29.112202,-97.78275
75261,32.767268,-96.777626
76460,33.332336,-98.48413
76656,31.185062,-97.04389
77483,28.83088,-95.93391
75039,32.876474,-96.94129
76873,31.51161,-99.37166
77340,30.680641,-95.50776
77375,30.073775,-95.61882
78521,25.918758,-97.42739
79097,35.432364,-101.16687
75152,32.425222,-96.68103
78385,27.17914,-97.82511
78390,27.977641,-97.37032
78406,27.776304,-97.51253
78612,30.130116,-97.49055
79041,34.043076,-101.89695
79503,32.882154,-99.69298
79943,31.694842,-106.299987
75409,33.356094,-96.51907
77562,29.81953,-95.05298
76466,32.428128,-98.74853
77428,28.718954,-96.16969
79604,32.428796,-99.795167
77249,29.83399,-95.434241
75060,32.80268,-96.95499
75117,32.696777,-95.86881
75211,32.736931,-96.88253
75561,33.480224,-94.2648
75760,31.817889,-94.8631
76465,32.215275,-98.207997
88512,31.694842,-106.299987
79944,31.694842,-106.299987
77805,30.65212,-96.341012
78101,29.326804,-98.21887
78209,29.48618,-98.4568
78560,26.244317,-98.49574
77583,29.429256,-95.45332
77903,28.794935,-96.974119
76388,33.336436,-99.64257
76705,31.609834,-97.08821
77485,29.632221,-96.07144
79222,34.529678,-100.207642
79088,34.541042,-101.72921
79601,32.500532,-99.69803
75562,32.941359,-94.25152
77298,29.83399,-95.434241
78461,27.777,-97.463213
79548,33.067644,-99.94686
76063,32.57701,-97.13485
88535,31.694842,-106.299987
77414,28.945269,-95.9357
79160,35.401475,-101.895089
77951,28.642875,-96.89172
78238,29.479874,-98.61509
79227,33.929907,-99.74194
75411,33.86751,-95.60594
75218,32.842726,-96.69937
75372,32.767268,-96.777626
75599,33.476552,-94.39495
76365,33.761291,-98.19145
76654,31.553646,-97.203166
77506,29.705678,-95.20216
79032,34.281443,-101.898
75395,32.767268,-96.777626
75481,33.323467,-95.39168
79068,35.335288,-101.39752
78662,29.950887,-97.42728
79339,33.894823,-102.32282
79759,31.840191,-102.74709
76264,33.748414,-96.83792
77504,29.64878,-95.18813
75859,31.889748,-96.25435
75391,32.767268,-96.777626
77492,29.83399,-95.434241
78266,29.641132,-98.30856
78547,26.321652,-98.69525
79353,33.783555,-102.59146
78376,27.363706,-98.56442
78962,29.698373,-96.75932
79184,35.401475,-101.895089
88562,31.694842,-106.299987
76618,31.930849,-96.429154
77292,29.744341,-95.332598
77043,29.802473,-95.5618
77542,29.183991,-95.465083
76010,32.723382,-97.08498
77536,29.687657,-95.1201
77538,29.981421,-94.55067
75203,32.745831,-96.80672
78231,29.574677,-98.53946
78339,27.807025,-97.79801
76861,31.58901,-100.1911
79947,31.694842,-106.299987
75689,32.1826,-94.935456
78217,29.543865,-98.41755
79452,33.610018,-101.821292
79499,33.610018,-101.821292
75266,32.767268,-96.777626
76864,31.561427,-98.73632
77341,30.714476,-95.54977
77619,29.947563,-93.91857
88528,31.694842,-106.299987
76523,30.785114,-97.28058
78829,28.883474,-99.58416
78942,30.182175,-96.93171
79255,34.362997,-101.05209
88527,31.694842,-106.299987
79005,36.427031,-100.51097
76003,32.741685,-97.225324
75243,32.912225,-96.73688
76461,32.221433,-98.342798
78132,29.749204,-98.17653
78234,29.457389,-98.45537
88575,31.694842,-106.299987
77577,29.289673,-95.27709
77402,29.83399,-95.434241
76104,32.730265,-97.32002
76364,34.081642,-99.062
78059,29.19085,-98.84676
88569,31.694842,-106.299987
79415,33.62386,-101.88057
76820,30.720372,-99.100089
79910,31.694842,-106.299987
75339,32.767268,-96.777626
75486,33.734091,-95.76203
76638,31.555885,-97.41024
77467,29.238931,-96.1716
79096,35.459147,-100.20106
88583,31.694842,-106.299987
75394,32.767268,-96.777626
88589,31.694842,-106.299987
76825,31.121411,-99.3407
77039,29.909123,-95.33683
77052,29.676829,-95.177587
77338,30.005691,-95.28488
77571,29.666781,-95.04487
78288,29.437532,-98.461582
79765,31.910706,-102.28644
76379,33.646685,-98.48719
77470,29.520292,-96.57348
79517,32.883354,-101.20597
76140,32.630268,-97.27102
76240,33.627942,-97.13636
77067,29.952354,-95.45065
77080,29.816866,-95.52309
79163,35.401475,-101.895089
79316,33.153528,-102.29568
78663,30.44858,-98.38421
79491,33.610018,-101.821292
88563,31.694842,-106.299987
75855,31.579572,-95.85303
76649,32.001365,-97.88196
76715,31.553646,-97.203166
75415,33.460447,-95.75734
76070,32.259829,-97.65485
79712,31.869259,-102.031726
75968,31.234368,-93.94399
77081,29.70828,-95.48361
77706,30.092679,-94.16377
77863,30.359245,-96.591535
79527,32.584546,-101.06523
75442,33.171899,-96.35096
76053,32.821378,-97.181
88590,31.694842,-106.299987
78416,27.752356,-97.43465
75758,32.251068,-95.49667
77011,29.742378,-95.30726
75653,32.204724,-94.8845
75834,31.105786,-95.138794
76182,32.771419,-97.291484
76690,32.078488,-97.76708
78264,29.193828,-98.51795
78954,30.057137,-96.67796
76369,34.023386,-98.687748
77551,29.279937,-94.82683
77584,29.543654,-95.34036
79321,34.061309,-102.521814
75751,32.184027,-95.84625
76641,32.044273,-96.78624
77801,30.637348,-96.36015
78731,30.344305,-97.7638
79955,31.694842,-106.299987
75180,32.72203,-96.61634
75312,32.767268,-96.777626
77386,30.128862,-95.41896
77486,29.152396,-95.66319
79350,33.751374,-101.83672
79908,31.912449,-106.32501
78229,29.499454,-98.57166
79066,35.533384,-100.956013
75224,32.716065,-96.83987
75454,33.277317,-96.57345
75558,33.236743,-94.84359
75691,32.312616,-94.53692
75058,33.453628,-96.73436
76673,31.74658,-96.89776
77574,29.511582,-95.058153
75846,31.346581,-96.17433
77273,29.83399,-95.434241
76548,31.068459,-97.65552
78228,29.457281,-98.5665
75421,33.642542,-95.69761
79520,32.88019,-100.13583
79697,32.302132,-99.890737
79914,31.694842,-106.299987
76538,31.629515,-97.90249
76941,31.330315,-100.93381
78724,30.294148,-97.62863
78949,29.847433,-97.07988
79770,31.383297,-103.556598
78004,29.903508,-98.55789
79118,35.100501,-101.80606
77977,28.691718,-96.82657
75239,32.767268,-96.777626
76950,30.453299,-100.56983
77334,30.758511,-95.3688
75404,33.056265,-96.080973
76541,31.117874,-97.72924
77018,29.825476,-95.42619
77705,30.009609,-94.11401
76106,32.798429,-97.354
77991,28.82037,-96.61273
78764,30.445502,-97.659533
77410,29.83399,-95.434241
78559,26.149453,-97.82923
77866,30.466986,-96.20408
78623,29.960139,-98.21846
79411,33.570435,-101.86184
77511,29.41148,-95.24475
78644,29.872165,-97.68093
75503,33.476844,-94.09637
76043,32.228184,-97.77198
76442,31.906683,-98.60618
77237,29.83399,-95.434241
76462,32.517753,-98.03379
78364,27.342872,-97.70355
78758,30.384204,-97.70392
77316,30.329017,-95.64985
76099,32.771419,-97.291484
77725,29.847569,-94.129733
75034,33.143792,-96.83938
76147,32.771419,-97.291484
77629,30.031927,-94.42374
75750,32.254414,-95.06517
76552,31.351234,-97.548468
76629,31.160528,-96.6778
79990,31.694842,-106.299987
78886,29.143045,-99.19045
78112,29.221682,-98.36902
76436,31.917085,-98.17418
79533,32.80699,-99.60862
78733,30.329704,-97.8751
78075,28.633209,-98.27924
79931,31.694842,-106.299987
79189,35.401475,-101.895089
75226,32.783978,-96.77662
88577,31.694842,-106.299987
76865,31.849628,-100.15332
75639,32.285877,-94.1811
75006,32.960374,-96.89163
79842,30.12169,-103.22091
77221,29.83399,-95.434241
75559,33.515778,-94.61355
75032,32.867103,-96.44129
78841,29.346518,-100.928864
75413,33.43515,-96.16671
76153,32.667134,-97.348895
77657,30.240473,-94.20172
75001,32.96129,-96.83751
75436,33.670159,-95.2609
75568,33.206258,-94.63009
76534,30.883556,-97.396
77301,30.313308,-95.45085
78723,30.306507,-97.68651
79982,31.694842,-106.299987
77564,30.159698,-94.65504
77333,30.353346,-95.77833
77423,29.80038,-95.98452
78069,29.200169,-98.67235
75608,32.570051,-94.848063
88585,31.694842,-106.299987
75708,32.40331,-95.22276
76233,33.542765,-96.89419
77022,29.825176,-95.37798
78589,26.190444,-98.15301
75086,33.002395,-96.615837
79832,30.363139,-103.653904
75942,30.819095,-94.40497
77806,30.65212,-96.341012
75065,33.12635,-97.02525
76035,32.546387,-97.64633
77031,29.654132,-95.54311
77094,29.770722,-95.6988
77358,30.545212,-95.46752
79457,33.610018,-101.821292
75499,33.602194,-96.365174
76676,31.861594,-96.93466
77844,30.65212,-96.341012
76252,33.661889,-97.38029
76427,33.165414,-98.38244
76943,30.620199,-101.24517
79762,31.890374,-102.35398
78611,30.767327,-98.30109
79013,36.044769,-102.01155
75959,31.511711,-93.86086
76305,33.996515,-98.51781
77055,29.798877,-95.49629
79247,34.345924,-99.41669
78408,27.796171,-97.43796
78548,26.270824,-98.64891
75078,33.240766,-96.79944
79754,31.72285,-103.57449
79988,31.694842,-106.299987
76871,31.292292,-98.96012
76537,30.808903,-97.59923
78651,30.326374,-97.771258
88531,31.694842,-106.299987
75083,32.767268,-96.777626
75944,31.368872,-94.40817
76180,32.855666,-97.21818
76884,31.753561,-99.54774
77222,29.83399,-95.434241
75926,31.243006,-94.96448
76255,33.824724,-97.69688
75026,33.19359,-96.569879
75692,32.472069,-94.09556
77871,31.058563,-96.15852
78598,26.558995,-97.42738
78708,30.326374,-97.771258
79170,35.401475,-101.895089
76939,31.250101,-100.592015
77553,29.328547,-94.79422
78206,29.437532,-98.461582
78938,29.838528,-96.70389
79064,34.18788,-102.13325
79324,33.895013,-102.78117
75118,32.599614,-96.302743
77515,29.16866,-95.44541
77521,29.784579,-94.97588
77639,30.063101,-93.859903
78590,26.455519,-97.585805
79063,34.543766,-102.12349
79077,34.840485,-100.204928
75091,33.678665,-96.662289
76935,31.088429,-100.41072
77098,29.735529,-95.41405
78016,29.158899,-98.933
78350,28.421814,-98.071902
79968,31.770458,-106.504843
79549,32.760229,-100.95344
77235,29.83399,-95.434241
77281,29.83399,-95.434241
78254,29.523294,-98.74504
76163,32.771419,-97.291484
76207,33.236827,-97.16941
79938,31.852355,-106.09325
88518,31.694842,-106.299987
88586,31.694842,-106.299987
75250,32.767268,-96.777626
76689,31.662435,-97.50214
78107,28.53232,-97.5888
79403,33.614934,-101.8067
88588,31.694842,-106.299987
77213,29.83399,-95.434241
78737,30.19025,-97.95854
88582,31.694842,-106.299987
75446,33.589851,-95.90242
75469,33.434737,-95.83057
76467,32.341365,-97.932083
78460,27.889868,-97.879743
78567,26.041669,-97.693736
78583,26.259032,-97.52948
78728,30.451803,-97.67989
79044,35.890235,-102.3595
76019,32.771419,-97.291484
75247,32.817978,-96.87928
76458,33.200265,-98.15778
77354,30.194267,-95.63918
79167,35.401475,-101.895089
88544,31.694842,-106.299987
79905,31.768758,-106.43047
75207,32.78643,-96.81992
76352,33.811665,-98.184762
78471,27.777,-97.463213
78344,27.43254,-98.81271
78204,29.403583,-98.5063
79224,34.074854,-100.258156
78624,30.279267,-98.88389
88517,31.694842,-106.299987
75263,32.767268,-96.777626
75285,32.767268,-96.777626
76576,30.946345,-97.535883
78202,29.428132,-98.46279
75167,32.380958,-96.91801
75790,32.533765,-95.63493
88558,31.694842,-106.299987
79159,35.216029,-102.071415
79720,32.21649,-101.4532
75686,32.97708,-94.96809
76579,31.212196,-97.26563
78872,28.950547,-99.85032
79105,35.401475,-101.895089
75155,32.226257,-96.48147
77531,29.038068,-95.40114
78401,27.795805,-97.40019
78412,27.709309,-97.35225
78672,30.864936,-98.45361
75093,33.03505,-96.80492
75120,32.334709,-96.633546
77904,28.873664,-97.00715
77985,29.347975,-96.900331
75150,32.818392,-96.63355
88573,31.694842,-106.299987
79019,35.062127,-101.41617
79453,33.610018,-101.821292
76060,32.645257,-97.21458
76570,31.071723,-96.96229
76640,31.686152,-97.08602
75946,31.834379,-94.52629
78604,29.447211,-97.494649
79079,35.227015,-100.27501
76670,32.111683,-96.97377
79098,35.151101,-102.18977
79164,35.401475,-101.895089
76197,32.771419,-97.291484
75099,32.77103,-96.79963
77468,29.177817,-95.89195
78520,25.928274,-97.51618
76272,33.482548,-97.12259
78732,30.382724,-97.89459
75783,32.810076,-95.4355
76120,32.762631,-97.17527
76433,32.318616,-98.03345
77224,29.83399,-95.434241
79084,36.28116,-102.02187
78839,28.68906,-99.81278
76209,33.23552,-97.112743
77257,29.83399,-95.434241
76870,31.651485,-98.50831
75457,33.151104,-95.21965
78943,29.699797,-96.59314
77346,30.001902,-95.16962
78115,29.54508,-98.040833
78636,30.286655,-98.39837
78632,29.698718,-97.45739
78870,29.297821,-99.62754
75470,33.60355,-95.81202
75656,32.998759,-94.61948
88570,31.694842,-106.299987
78415,27.727083,-97.4289
76653,31.304634,-96.61211
75061,32.826729,-96.9614
78744,30.188377,-97.74038
79241,34.192619,-101.38934
77206,29.83399,-95.434241
78371,27.467237,-98.97431
79252,34.297126,-99.77713
79849,31.577344,-106.2672
75054,32.767268,-96.777626
75125,32.533551,-96.65684
78801,29.252882,-99.8165
77411,29.83399,-95.434241
77522,29.83399,-95.434241
78275,29.437532,-98.461582
78297,29.437532,-98.461582
78247,29.581304,-98.40889
78948,30.2984,-96.95358
79991,31.694842,-106.299987
75303,32.767268,-96.777626
79383,33.330983,-101.91065
75565,32.950857,-94.07429
77089,29.589831,-95.22251
77460,29.60466,-96.524899
77063,29.734379,-95.52269
76101,32.771419,-97.291484
77456,28.964146,-96.07346
78370,27.955312,-97.59288
79007,35.665899,-101.40666
76132,32.670345,-97.4143
77457,28.67494,-95.9653
76446,32.07881,-98.35073
75241,32.669383,-96.77439
75286,32.767268,-96.777626
75933,30.580648,-93.81112
77230,29.83399,-95.434241
77326,30.519883,-94.81869
77876,30.647831,-95.83191
78072,28.314027,-98.49899
76866,31.472654,-99.92215
79504,32.333638,-99.35055
77061,29.66028,-95.28446
77458,28.939249,-96.2147
77459,29.564347,-95.54762
79929,31.694842,-106.299987
75571,33.183401,-94.75227
75682,32.25416,-94.932215
77256,29.83399,-95.434241
78244,29.475598,-98.35434
78333,27.659473,-98.012331
76684,31.717293,-97.118754
77971,28.853152,-96.52727
79530,32.128112,-99.7639
75709,32.31265,-95.39191
77069,29.984672,-95.52887
77982,28.430193,-96.4417
78558,26.305113,-98.03375
75772,31.800846,-95.300142
76799,31.541116,-97.16148
77655,29.732092,-93.90117
77881,30.65212,-96.341012
78503,26.172018,-98.25042
75009,33.327927,-96.76129
75244,32.922624,-96.83616
78597,26.117636,-97.17019
77463,29.135066,-95.78335
76661,31.310649,-96.87859
78119,28.779344,-97.85626
77306,30.289893,-95.32698
76248,32.92704,-97.2506
77051,29.66543,-95.36871
78783,30.326374,-97.771258
78377,28.327234,-97.24787
78840,29.404267,-100.88116
75860,31.625567,-96.27068
77710,29.847569,-94.129733
79837,31.937024,-105.19353
88567,31.694842,-106.299987
76858,31.230813,-99.62583
77261,29.83399,-95.434241
77503,29.695028,-95.15798
77643,29.962144,-93.867932
78109,29.50198,-98.30582
76621,31.884263,-97.08385
76685,31.35797,-97.02091
78024,30.055926,-99.42213
77475,29.488245,-96.65185
78956,29.680723,-96.91964
75017,32.767268,-96.777626
75706,32.456565,-95.33155
75937,31.467506,-94.37459
75253,32.679924,-96.60367
77563,29.339307,-95.00317
76006,32.778047,-97.08088
76245,33.842878,-96.82348
79977,31.694842,-106.299987
76031,32.343115,-97.40081
76932,31.304669,-101.50841
77339,30.053368,-95.21807
78340,28.103283,-97.20757
88524,31.694842,-106.299987
75231,32.874317,-96.74764
78592,26.078355,-97.84169
79719,31.461562,-103.39895
76530,30.715207,-97.43449
76558,31.351386,-97.644352
75251,32.919104,-96.77497
75771,32.522902,-95.42126
77208,29.83399,-95.434241
78056,29.54825,-98.90353
76555,30.784169,-96.96376
78331,27.750684,-98.082694
78563,26.633158,-98.21578
75044,32.960375,-96.66188
75382,32.767268,-96.777626
75555,32.930895,-94.13542
77013,29.78146,-95.24289
75850,31.134863,-95.93312
79605,32.432975,-99.77096
75640,32.723482,-94.69544
75438,33.595318,-96.07311
75703,32.264365,-95.31347
75059,32.86372,-96.934998
77957,28.966755,-96.65939
77968,28.888476,-96.82316
77572,29.83399,-95.434241
79928,31.674736,-106.197528
78342,27.659473,-98.012331
78661,29.72057,-97.73519
75090,33.632806,-96.59106
75373,32.767268,-96.777626
76052,32.972998,-97.35592
76118,32.80533,-97.22264
77988,28.846861,-96.88966
78055,29.833279,-99.32589
75379,32.767268,-96.777626
76016,32.686863,-97.19234
79103,35.184253,-101.81073
76110,32.706331,-97.33787
77549,29.330501,-94.800238
78523,25.981006,-97.520941
78702,30.265158,-97.71879
75633,32.145212,-94.31256
76804,31.77419,-99.09213
77241,29.83399,-95.434241
75495,33.426635,-96.5637
76270,33.446897,-97.77217
78742,30.23358,-97.67831
76127,32.772063,-97.42165
76307,33.877746,-98.494595
78001,28.265415,-99.2821
75134,32.620385,-96.7812
75214,32.825628,-96.74872
78372,27.963592,-98.07031
88541,31.694842,-106.299987
78076,26.9052,-99.21863
79744,30.899378,-101.98029
75081,32.948974,-96.70916
77315,29.83399,-95.434241
78023,29.61403,-98.74185
75433,33.13307,-95.81773
75493,33.165327,-95.11279
76401,32.242816,-98.21058
77057,29.745129,-95.49131
78786,30.326374,-97.771258
76302,33.85379,-98.4801
76474,31.963873,-98.78317
77047,29.616182,-95.37767
77573,29.502759,-95.08906
78646,30.656817,-97.602552
79424,33.513337,-101.93239
78242,29.353735,-98.61423
78580,26.500175,-97.81013
76259,33.187644,-97.29676
77964,29.369619,-96.86644
78144,28.954252,-97.89674
78330,27.782267,-97.90134
78470,27.777,-97.463213
77083,29.691714,-95.64978
77097,29.83399,-95.434241
75941,31.195633,-94.77725
78351,27.672549,-97.75105
79788,31.569032,-103.00689
77869,30.65212,-96.341012
78061,28.888468,-99.09005
75903,31.276647,-94.56759
78071,28.492487,-98.1764
75414,33.615634,-96.41899
76607,32.127507,-96.947689
75223,32.792879,-96.74918
76470,32.497298,-98.67402
77630,30.089757,-93.77408
78218,29.49428,-98.40431
78232,29.584698,-98.46987
78357,27.939823,-98.57624
79707,32.021056,-102.16008
77417,29.483573,-95.93931
77862,30.65212,-96.341012
79359,32.922387,-102.56265
79540,33.151135,-100.04142
75287,32.998786,-96.84436
76469,32.37338,-99.19762
77033,29.66913,-95.33834
78389,28.237359,-97.69331
79510,32.337156,-99.51701
76468,31.989197,-98.42529
76402,32.215275,-98.207997
78741,30.231252,-97.716
79081,36.185112,-101.18783
79706,31.880341,-101.96324
75336,32.767268,-96.777626
75784,31.883205,-94.9689
76087,32.703008,-97.74814
76377,34.011464,-98.22961
76437,32.39492,-98.99444
78621,30.338279,-97.36611
79322,33.653787,-101.22866
79493,33.610018,-101.821292
75141,32.644647,-96.71036
77856,31.049092,-96.44131
75097,33.351238,-96.664632
78767,30.222007,-97.896285
79045,34.854898,-102.41824
79120,35.196352,-101.803412
78842,29.411955,-100.934216
77297,29.83399,-95.434241
75573,33.353249,-94.25971
75778,32.33383,-95.7102
78585,26.510436,-98.746365
79903,31.786221,-106.44583
79927,31.684338,-106.20788
75124,32.310343,-96.00312
76633,31.669085,-97.3201
76196,32.771419,-97.291484
77465,28.735638,-96.22273
78255,29.665822,-98.66812
79165,35.401475,-101.895089
76023,33.068301,-97.59099
75209,32.845978,-96.82552
75360,32.767268,-96.777626
77442,29.424483,-96.45923
75803,31.760418,-95.656779
79220,33.749303,-100.76393
79821,31.977553,-106.60469
76949,32.047723,-100.69452
77393,30.329016,-95.463474
78682,30.656817,-97.602552
78769,30.326374,-97.771258
79402,33.592235,-101.851144
79525,32.616906,-99.82211
75437,33.253911,-95.47125
78262,29.449332,-98.290394
78375,27.368433,-98.12184
79923,31.694842,-106.299987
75425,33.65973,-95.582906
75710,32.347549,-95.306528
75956,30.670556,-93.93811
76660,31.928342,-96.88213
75556,33.142532,-94.05585
76714,31.553646,-97.203166
77448,29.401714,-96.07526
77622,29.870794,-94.2896
78287,29.437532,-98.461582
78640,29.996916,-97.84756
79704,31.869259,-102.031726
75490,33.435618,-96.3324
75505,33.46238,-94.0715
75444,32.730279,-95.56286
76025,33.104374,-96.766109
78835,30.178439,-96.591092
79490,33.610018,-101.821292
88547,31.694842,-106.299987
75022,33.024778,-97.10206
75156,32.290819,-96.114108
77099,29.668489,-95.5869
77349,30.78128,-95.59527
75461,33.663213,-95.460797
75140,32.661299,-95.71738
76124,32.771419,-97.291484
76550,31.06639,-98.19192
78877,28.917675,-100.60332
78391,28.169309,-97.75404
78747,30.132855,-97.76187
79752,31.156902,-102.19598
75181,32.735812,-96.55886
77258,29.83399,-95.434241
77840,30.614647,-96.32641
75121,33.079946,-96.41788
77012,29.719778,-95.27906
78007,28.453052,-98.37384
75554,33.563837,-94.78066
76009,32.408183,-97.20956
75636,33.035716,-94.81589
76849,30.478782,-99.77444
76905,31.515684,-100.34896
77501,29.83399,-95.434241
78263,29.358153,-98.31978
78885,29.785042,-99.55361
75660,32.51121,-94.783493
78571,30.916863,-97.485039
77708,30.141361,-94.16488
78756,30.320206,-97.74177
79543,32.739964,-100.38106
75189,32.960512,-96.31278
76122,32.771419,-97.291484
76533,31.049621,-97.493616
76844,31.460782,-98.52618
78736,30.245558,-97.94177
79407,33.567134,-101.98329
88555,31.694842,-106.299987
78677,29.447211,-97.494649
79838,31.490587,-106.15381
75137,32.634835,-96.91343
77254,29.83399,-95.434241
77287,29.83399,-95.434241
75201,32.787629,-96.79941
77017,29.687829,-95.25478
77343,30.78128,-95.59527
79506,32.106949,-100.31228
78765,30.326374,-97.771258
75019,32.967341,-96.98656
76185,32.771419,-97.291484
88515,31.694842,-106.299987
75350,32.767268,-96.777626
77202,29.83399,-95.434241
77332,30.817866,-94.869052
79932,31.865696,-106.59982
75798,32.411237,-95.289903
75925,31.626263,-95.05495
78691,30.326374,-97.771258
76567,30.646291,-97.01149
77376,30.437704,-94.68614
79009,34.51748,-102.89478
77380,30.143485,-95.46821
77839,30.341403,-96.526669
75342,32.767268,-96.777626
75346,32.767268,-96.777626
76059,32.39286,-97.3275
76706,31.514267,-97.11807
79373,33.199867,-101.81949
79769,31.746572,-102.566993
79110,35.157403,-101.86114
75447,33.774197,-96.12045
77665,29.820542,-94.39965
78009,29.356455,-98.88062
78039,29.312661,-98.81591
77076,29.858525,-95.38178
88550,31.694842,-106.299987
78749,30.216108,-97.85828
78026,28.85458,-98.5528
78413,27.687792,-97.40165
75217,32.72238,-96.67582
75661,32.66797,-94.16846
75752,32.223828,-95.785482
75856,31.21349,-95.23475
76113,32.771419,-97.291484
76547,31.036287,-97.492017
77233,29.83399,-95.434241
77288,29.83399,-95.434241
79608,32.302132,-99.890737
79966,31.694842,-106.299987
88568,31.694842,-106.299987
76887,30.973049,-99.17091
78884,29.634216,-99.48894
79973,31.694842,-106.299987
75643,32.019931,-94.37287
77466,29.818871,-95.99945
77975,29.57449,-97.12675
75705,32.364281,-95.08971
76877,31.190826,-98.74134
78054,29.325602,-98.732187
78257,29.646618,-98.6099
77377,29.83399,-95.434241
78931,29.849283,-96.313271
79024,36.441178,-100.33123
79168,35.401475,-101.895089
79356,33.245276,-101.37638
76875,31.611317,-100.033
75654,32.104159,-94.85568
76205,33.16156,-97.10376
78067,27.198571,-99.36781
75630,32.854406,-94.55859
77025,29.69023,-95.43474
76636,32.177765,-97.27284
77290,29.83399,-95.434241
77611,30.026093,-93.84071
78063,29.641551,-98.93407
78265,29.437532,-98.461582
78785,30.326374,-97.771258
75650,32.507527,-94.55839
77335,30.595651,-94.94597
78735,30.250761,-97.84469
75667,31.981458,-94.85741
76017,32.659277,-97.16435
77545,29.526728,-95.45984
78577,26.201284,-98.18619
78619,30.103644,-98.03875
77240,29.83399,-95.434241
77660,30.635615,-94.1705
78402,27.829732,-97.4016
75471,33.041578,-95.39527
75354,32.767268,-96.777626
75431,33.027493,-95.46605
77597,29.843158,-94.70376
78205,29.425932,-98.48931
79946,31.694842,-106.299987
76486,33.024726,-98.05788
76880,31.477095,-98.630919
77986,29.487564,-96.794605
78093,27.492996,-99.463668
79002,35.201105,-100.74939
79777,31.535153,-103.12722
75658,32.195927,-94.906515
77032,29.944922,-95.34152
77271,29.83399,-95.434241
77836,30.517099,-96.67247
75066,32.959222,-96.853877
75396,32.767268,-96.777626
75489,33.521578,-96.48373
77092,29.833326,-95.47644
75063,32.916865,-96.97349
77062,29.57493,-95.13238
78227,29.405424,-98.63832
79201,34.38587,-100.28401
79414,33.550335,-101.91661
79508,32.280068,-99.82808
75071,33.225107,-96.638614
75432,33.377005,-95.68573
77244,29.83399,-95.434241
77453,29.170387,-96.014159
77614,30.293684,-93.74329
75370,32.767268,-96.777626
75371,32.767268,-96.777626
77530,29.786656,-95.12214
79843,30.217129,-104.22045
77041,29.85873,-95.57243
79086,36.057372,-101.76599
79401,33.578935,-101.8316
79999,31.694842,-106.299987
88549,31.694842,-106.299987
75687,32.151755,-94.955432
77970,28.865213,-96.4397
75475,33.485315,-96.25525
75757,32.136787,-95.3671
78650,30.283941,-97.23563
75010,33.030556,-96.89328
76054,32.858398,-97.17681
75961,31.626011,-94.60338
76452,31.758351,-98.40613
76855,31.333614,-99.85837
78349,27.316167,-98.29797
79381,33.327782,-101.76906
77590,29.395283,-94.91759
78013,29.972473,-98.91084
79917,31.694842,-106.299987
78148,29.550223,-98.29936
78588,26.720155,-98.46845
79370,33.478848,-100.89669
75075,33.024721,-96.74038
79080,35.655035,-101.22477
77046,29.733181,-95.43131
77581,29.56218,-95.26982
75712,32.411237,-95.289903
75756,32.306045,-95.60507
75294,32.767268,-96.777626
76503,31.053986,-97.320306
77015,29.778526,-95.18118
77550,29.298448,-94.79316
78041,27.542244,-99.49233
78011,28.795637,-98.71951
78701,30.27127,-97.74103
79541,32.151983,-99.84483
79560,32.684029,-100.1998
76067,32.810275,-98.10707
76476,32.387648,-97.93959
76561,31.430323,-97.52946
76066,32.715412,-98.00165
75459,33.518979,-96.63523
75904,31.339891,-94.76295
77289,29.83399,-95.434241
76857,31.917862,-98.95325
76878,31.722813,-99.2959
77478,29.627737,-95.62444
77834,30.231333,-96.290358
76683,31.503892,-97.179773
76841,30.834326,-100.09843
78827,28.442081,-99.76064
75105,32.241963,-96.37917
75615,32.51121,-94.783493
78237,29.422583,-98.56584
78146,28.615464,-97.81591
77481,29.478032,-95.58329
77976,28.954273,-97.090604
78545,26.561861,-99.13392
79915,31.743038,-106.36957
79935,31.784541,-106.33705
75929,31.242362,-94.17675
75939,30.998982,-94.7994
77592,29.330501,-94.800238
78211,29.362185,-98.54644
78555,26.250709,-97.711367
79535,32.249241,-100.449
79852,29.441286,-103.63643
75607,32.51121,-94.783493
78705,30.292424,-97.73856
78522,26.188911,-97.764271
77072,29.700898,-95.59002
77905,28.737085,-97.0146
78338,26.870238,-97.77433
79410,33.570135,-101.88901
79529,33.423156,-99.82014
79561,32.504094,-100.15822
76933,31.887436,-100.28655
77631,30.054793,-93.903108
78940,29.941521,-96.65977
79761,31.854455,-102.35906
79961,31.694842,-106.299987
75980,31.154673,-94.363
76040,32.826172,-97.09721
76048,32.424695,-97.78894
76642,31.510726,-96.51529
76854,30.646698,-99.54107
79980,31.694842,-106.299987
76648,31.84121,-96.80817
77216,29.83399,-95.434241
76107,32.738481,-97.38424
77347,29.83399,-95.434241
79740,31.019602,-102.47675
78066,29.466279,-98.89162
75255,32.669783,-96.614921
75477,33.543006,-95.72382
75791,32.226082,-95.21751
77901,28.806417,-96.99356
78155,29.56478,-97.96283
79229,33.654512,-100.75517
75094,33.009681,-96.61113
75374,32.767268,-96.777626
75960,30.903688,-94.80916
78278,29.437532,-98.461582
79940,31.694842,-106.299987
76179,32.876475,-97.41249
77969,28.77203,-96.63732
79556,32.465621,-100.39814
76111,32.778479,-97.30099
76481,32.970869,-98.71204
77000,29.711257,-95.304936
78642,30.702882,-97.9269
79850,29.943719,-104.386683
76021,32.851678,-97.13849
76095,32.771419,-97.291484
76545,31.036287,-97.492017
76679,31.949312,-96.61514
77664,30.600866,-94.40604
75502,33.424125,-94.055214
77381,30.17873,-95.5021
88571,31.694842,-106.299987
78140,29.292655,-97.76167
78065,29.057172,-98.58398
78656,29.887939,-97.83613
78961,29.665518,-97.039741
75990,30.792674,-94.354476
76484,32.722689,-98.33271
76624,31.661554,-96.95451
79379,33.600017,-102.61953
75021,33.742641,-96.51427
75494,32.922912,-95.28299
78359,27.920604,-97.29248
78426,27.777,-97.463213
75671,32.522659,-94.389476
76086,32.77516,-97.77987
77229,29.83399,-95.434241
78248,29.589826,-98.52524
79072,34.191002,-101.72506
76453,32.572618,-98.36399
76693,31.787449,-96.44885
75764,31.893439,-95.15272
75957,31.902986,-94.391148
76098,32.895716,-97.563622
75233,32.704398,-96.87222
75799,32.411237,-95.289903
79104,35.199652,-101.79486
88580,31.694842,-106.299987
78240,29.518413,-98.60869
76872,31.314477,-99.17492
78022,28.260148,-98.14978
78285,29.437532,-98.461582
79085,34.743735,-102.506442
79934,31.943633,-106.42402
75487,33.346151,-95.15014
75483,33.168606,-95.585464
78044,27.363738,-99.481919
77016,29.857007,-95.30886
77378,30.439428,-95.44677
77547,29.737178,-95.23906
78757,30.349455,-97.73328
78778,30.326374,-97.771258
75574,33.328878,-94.53657
75969,31.436494,-94.87815
78382,28.047744,-97.04818
78427,27.777,-97.463213
75320,32.767268,-96.777626
75380,32.767268,-96.777626
76112,32.744032,-97.21957
76162,32.771419,-97.291484
76834,31.847973,-99.45514
77082,29.722704,-95.6314
78279,29.437532,-98.461582
79186,35.401475,-101.895089
77078,29.849424,-95.25951
77835,30.181677,-96.61373
75963,31.604573,-94.664127
77537,29.469835,-95.005317
77868,30.374501,-96.07999
77875,30.607534,-95.957945
78355,27.217893,-98.16479
78369,27.44333,-98.99944
78755,30.326374,-97.771258
79083,35.844445,-101.48031
79108,35.296948,-101.78641
78830,28.555795,-99.50744
77613,30.043401,-94.35853
79010,35.459732,-102.14757
77497,29.525461,-95.756462
79545,32.422985,-100.55397
75165,32.397024,-96.83283
76559,31.081777,-97.6138
75497,32.906074,-95.55779
75875,31.806615,-95.154008
76247,33.08704,-97.30384
78713,30.468583,-97.843336
78836,28.34884,-99.61238
79325,34.389202,-102.89928
76626,32.098474,-96.71501
79343,33.605628,-101.5205
75277,32.767268,-96.777626
75934,30.907239,-94.7312
76097,32.524393,-97.2609
79995,31.694842,-106.299987
75227,32.77003,-96.69
75832,31.794191,-95.661964
76508,31.036287,-97.492017
77209,29.612816,-95.158517
79178,35.401475,-101.895089
76135,32.823629,-97.45167
77845,30.571905,-96.29882
78012,28.790841,-98.496
78721,30.272926,-97.68665
79920,31.821439,-106.461405
77242,29.83399,-95.434241
75221,32.814728,-96.787725
88521,31.694842,-106.299987
77073,30.008745,-95.41273
78473,27.777,-97.463213
78029,30.033226,-99.140974
78236,29.389767,-98.61251
77305,30.290638,-95.383202
77514,29.689054,-94.66375
75853,31.930882,-95.82974
76827,31.542459,-99.13604
77009,29.79326,-95.36735
79238,34.529678,-100.207642
77474,29.776375,-96.16474
77075,29.620881,-95.26018
77591,29.389583,-94.99167
77348,30.78128,-95.59527
77429,29.982746,-95.66597
77518,29.504389,-94.98779
78787,30.326374,-97.771258
79853,31.447738,-106.09049
75237,32.666984,-96.87633
76370,33.445341,-98.92106
76824,31.086845,-98.51817
75045,32.913695,-96.627131
76464,32.57665,-99.18511
78299,29.437532,-98.461582
76262,33.000177,-97.21871
77236,29.83399,-95.434241
79363,33.701024,-102.01948
78802,29.223697,-99.779351
78419,27.723611,-97.380884
79248,34.006473,-100.21246
76571,30.955509,-97.56503
78203,29.414983,-98.46239
78216,29.528515,-98.49219
88556,31.694842,-106.299987
76055,32.157903,-97.15014
76109,32.699565,-97.37808
77279,29.83399,-95.434241
79366,33.531908,-101.69479
76064,32.307456,-97.02761
76206,33.169379,-97.150558
79234,34.241416,-100.93789
78584,26.493058,-99.00718
78716,30.316223,-97.85877
78610,30.07703,-97.8178
78768,30.326374,-97.771258
75038,32.872386,-96.98524
75123,32.767268,-96.777626
75168,32.374937,-96.716638
75847,31.355453,-95.15421
75782,32.075703,-95.59919
77843,30.65212,-96.341012
77077,29.750897,-95.61255
77351,30.712538,-94.89915
75398,32.767268,-96.777626
76195,32.771419,-97.291484
77434,29.575458,-96.32079
79958,31.694842,-106.299987
77079,29.773018,-95.60125
76105,32.724831,-97.26992
79018,35.718644,-102.25186
79025,34.92765,-102.21997
76380,33.594956,-99.28506
76836,31.217152,-99.347156
75357,32.767268,-96.777626
76001,32.634203,-97.14403
75476,33.695647,-96.23381
76542,31.027003,-97.76717
79714,32.345871,-102.56767
77231,29.83399,-95.434241
76901,31.474132,-100.5198
75310,32.767268,-96.777626
75951,30.941282,-94.03455
76475,32.628147,-98.48517
76491,33.029698,-99.03622
77252,29.83399,-95.434241
77575,30.066734,-94.76595
79351,32.951473,-101.83895
79377,32.931786,-102.14673
75098,33.011975,-96.53607
76504,31.09954,-97.35766
76439,32.632495,-97.957483
75845,31.090648,-95.07826
76716,31.553646,-97.203166
77512,29.362879,-95.27605
77560,29.860106,-94.58468
78114,29.150937,-98.17929
78363,27.496472,-97.86808
78564,26.945418,-99.203985
79172,35.401475,-101.895089
79412,33.549135,-101.85846
77415,28.936476,-95.72292
78603,29.447211,-97.494649
79230,34.698438,-100.06623
79301,34.230527,-102.41085
79364,33.437291,-101.65054
79430,33.610018,-101.821292
75295,32.767268,-96.777626
77841,30.57258,-96.327044
79342,32.893447,-102.30958
79949,31.694842,-106.299987
77623,29.571106,-94.4045
75412,33.815996,-95.14402
77243,29.83399,-95.434241
75158,32.466891,-96.38502
75423,33.291418,-96.20273
75456,33.19045,-94.967456
76635,31.734571,-96.66388
76671,32.011671,-97.5324
78113,28.972553,-98.06964
75935,31.769105,-94.18997
76092,32.946678,-97.14523
88553,31.694842,-106.299987
78296,29.437532,-98.461582
79314,33.616833,-103.01952
77464,29.602015,-95.96882
77469,29.584172,-95.747
78788,30.326374,-97.771258
76708,31.584132,-97.18558
78222,29.379902,-98.38926
78710,30.351953,-97.715123
79236,33.652122,-100.35199
75685,32.183774,-94.308713
75417,33.462828,-95.193
79539,33.379469,-99.89708
88548,31.694842,-106.299987
76311,33.970725,-98.49127
75043,32.854893,-96.60211
77368,30.453845,-94.83674
75088,32.897459,-96.5497
77962,29.02864,-96.50513
79237,34.874151,-100.63288
76519,31.002164,-97.0358
78680,30.656817,-97.602552
79778,31.2244,-101.94317
78935,29.698797,-96.45594
79111,35.226552,-101.67875
79976,31.694842,-106.299987
75114,32.629178,-96.44339
76044,32.442679,-97.52595
77585,30.304796,-94.52727
78669,30.427733,-98.08062
78466,27.777,-97.463213
78945,29.909764,-96.8745
77274,29.83399,-95.434241
79511,32.38737,-101.28147
76955,31.305402,-100.12871
75551,33.118611,-94.1773
78245,29.412338,-98.70484
75915,31.287257,-94.577084
77210,29.83399,-95.434241
77282,29.83399,-95.434241
79033,36.317403,-100.97272
79182,35.401475,-101.895089
77350,30.856814,-94.856052
77008,29.798777,-95.40951
77238,29.83399,-95.434241
77318,30.434486,-95.55009
77086,29.920981,-95.49556
78562,26.301385,-97.92547
79245,34.715551,-100.53964
78526,25.969007,-97.47211
76228,33.586753,-98.07694
76599,31.470598,-97.734728
77248,29.83399,-95.434241
75848,31.83272,-96.32126
75569,33.441774,-94.12531
77026,29.79437,-95.33395
79566,32.109191,-100.10582
78750,30.438933,-97.80383
75106,32.767268,-96.777626
77535,30.044219,-94.88864
78064,28.958803,-98.4639
79107,35.228302,-101.81946
77967,29.098894,-97.365742
78550,26.206602,-97.68776
78210,29.397934,-98.46669
75631,32.237924,-94.46427
76953,31.716571,-100.35906
79355,33.16997,-102.86992
77568,29.366684,-94.97392
75759,32.034127,-95.41776
76645,32.015496,-97.12263
77702,30.085112,-94.12607
78220,29.411583,-98.41833
88525,31.694842,-106.299987
88532,31.694842,-106.299987
75082,32.993405,-96.65901
77831,30.74577,-95.91892
76650,31.987167,-97.108113
77205,29.83399,-95.434241
75147,32.314256,-96.11068
75210,32.77103,-96.74732
77662,30.142953,-94.00797
78681,30.518975,-97.71439
79505,33.565259,-99.84811
79974,31.694842,-106.299987
78301,26.200001,-98.231166
75603,32.396207,-94.70063
76071,33.003717,-97.48974
75567,33.328596,-94.31589
75007,33.00542,-96.89773
75246,32.791878,-96.77365
75363,32.767268,-96.777626
75931,31.109064,-93.99031
77227,29.83399,-95.434241
77401,29.70403,-95.46099
78501,26.213105,-98.23579
79760,31.765163,-102.354346
88526,31.694842,-106.299987
79187,35.401475,-101.895089
77049,29.832668,-95.1742
77355,30.158706,-95.74464
78052,29.227628,-98.79895
75062,32.846645,-96.96733
77207,29.83399,-95.434241
78141,28.919157,-97.61607
78405,27.777922,-97.42695
78837,29.933388,-101.40061
79951,31.694842,-106.299987
78010,29.944906,-99.0559
78643,30.721302,-98.66557
75460,33.660274,-95.55958
76020,32.905693,-97.54845
78566,26.099562,-97.43927
78828,29.782887,-100.08547
76564,31.036287,-97.492017
77889,29.472186,-95.483489
75418,33.583772,-96.1818
88559,31.694842,-106.299987
78260,29.707273,-98.47969
78294,29.437532,-98.461582
78337,27.738511,-98.098534
78162,28.424535,-97.732736
79547,33.196822,-99.90554
75393,32.767268,-96.777626
77056,29.747328,-95.46931
77251,29.83399,-95.434241
78407,27.802404,-97.42599
75102,32.075079,-96.64311
75479,33.613097,-96.34474
76934,31.603027,-100.65431
77993,28.835825,-97.444155
78951,29.60466,-96.524899
79094,34.965329,-101.357838
75965,31.649582,-94.638278
76631,31.978157,-96.9725
77035,29.654108,-95.47692
77040,29.878345,-95.53337
77389,30.10824,-95.51716
75886,31.794191,-95.661964
78575,26.023905,-97.54457
78606,30.096855,-98.43411
79756,31.568459,-102.89658
76937,31.377623,-100.10134
77023,29.725961,-95.3227
77356,30.412229,-95.6529
79907,31.70831,-106.32749
77087,29.686579,-95.30386
76002,32.632349,-97.0963
79901,31.759558,-106.48011
78596,26.162609,-97.98512
88566,31.694842,-106.299987
76666,32.046241,-96.90003
77598,29.539581,-95.13467
79603,32.466724,-99.76927
75052,32.675604,-97.02346
75688,32.55397,-94.239351
76852,31.404745,-99.49265
75840,31.763713,-96.10808
78003,29.718152,-99.06605
88516,31.694842,-106.299987
76250,33.62109,-97.20652
75169,32.725386,-96.00238
75245,32.922499,-96.535191
75880,31.794191,-95.661964
76837,31.201871,-99.90601
77533,30.112587,-94.64704
78226,29.392167,-98.55468
75029,33.20743,-97.116282
78753,30.374654,-97.67621
78152,29.432262,-98.20151
78286,29.437532,-98.461582
78664,30.514401,-97.65549
78946,30.186858,-96.78185
77204,29.83399,-95.434241
79344,33.855245,-102.95319
79711,31.869259,-102.031726
77853,30.3555,-96.85437
79059,35.724847,-100.6961
79916,31.744353,-106.287923
77625,30.372553,-94.33671
76267,33.378039,-97.39219
77990,28.459757,-96.88598
78005,28.976757,-98.84426
75707,32.292394,-95.20749
77388,30.055195,-95.46826
77473,29.799608,-96.10123
77471,29.549455,-95.81901
78136,29.619401,-98.060419
78477,27.777,-97.463213
79029,35.893121,-101.95908
76309,33.892447,-98.53215
77493,29.810279,-95.82011
76005,32.771419,-97.291484
76577,30.611416,-97.18458
77552,29.22051,-94.944391
77223,29.83399,-95.434241
77640,29.879796,-93.95575
78292,29.437532,-98.461582
75204,32.800333,-96.78952
75770,32.132651,-95.64632
77360,30.818886,-95.11108
78873,29.756509,-99.76665
79031,34.235871,-102.40636
76033,32.350907,-97.410254
76374,33.364868,-98.75201
77365,30.102209,-95.25748
78465,27.777,-97.463213
76148,32.869384,-97.25123
78551,26.244651,-97.720569
78629,29.510439,-97.45352
77379,30.024749,-95.53215
77859,30.876658,-96.60205
76389,33.554607,-98.42076
76448,32.398681,-98.7959
77096,29.674336,-95.48123
78673,30.741495,-97.589147
79835,31.932926,-106.59577
76525,31.485242,-98.19084
76657,31.416926,-97.40095
77024,29.773994,-95.51771
77961,28.861398,-96.34404
75143,32.348007,-96.21035
75453,32.952736,-95.94594
75865,31.105786,-95.138794
77703,30.112312,-94.11736
78853,28.679006,-100.478373
79950,31.694842,-106.299987
79039,35.235628,-101.10183
76596,31.390196,-97.799309
77561,30.154264,-94.72677
77803,30.678097,-96.37639
75401,33.15023,-96.11289
77019,29.752528,-95.39923
75092,33.649938,-96.65387
76802,31.747887,-98.93928
79092,35.209649,-102.42611
78122,29.425729,-97.7365
79779,31.459448,-103.188993
75424,33.321604,-96.39502
76940,31.45195,-100.12886
75670,32.547424,-94.37958
76622,31.824495,-97.23306
78259,29.627332,-98.42781
76130,32.771419,-97.291484
77265,29.83399,-95.434241
79743,31.253704,-102.696
76598,31.390196,-97.799309
77048,29.633081,-95.33761
78208,29.439832,-98.45879
75085,32.767268,-96.777626
75462,33.638587,-95.48589
76301,33.916497,-98.47132
79011,35.662917,-100.21999
77291,29.83399,-95.434241
78653,30.351225,-97.54731
79748,32.388962,-101.66373
78960,30.070257,-96.91939
77420,29.249812,-95.92241
77973,28.532052,-96.9902
76357,34.06722,-98.18119
75448,33.31215,-95.81737
78565,26.247488,-98.55962
78017,28.728991,-99.23388
78268,29.437532,-98.461582
76199,32.771419,-97.291484
78630,30.656817,-97.602552
78635,30.217838,-98.53788
78833,29.664428,-99.99968
76096,32.771419,-97.291484
75024,33.07707,-96.79859
75013,33.106582,-96.69402
78135,29.738502,-98.087157
79713,32.520297,-101.73528
77808,30.762815,-96.31744
78754,30.354234,-97.64679
79073,34.068903,-101.826997
79983,31.694842,-106.299987
75069,33.195073,-96.60363
75647,32.531814,-94.94358
77275,29.83399,-95.434241
75103,32.532449,-95.88
75161,32.727366,-96.187
77253,29.83399,-95.434241
76202,33.225523,-97.108546
76527,30.833293,-97.8049
77852,30.513118,-96.618047
78104,28.393116,-97.776017
78393,28.206223,-97.30778
78712,30.285207,-97.735394
75234,32.925975,-96.88322
76093,32.220267,-97.39036
76103,32.745681,-97.26563
76435,32.236449,-98.83268
77520,29.74877,-94.94389
78347,27.593816,-97.46214
75938,30.916106,-94.35108
76455,31.833414,-98.37248
77487,29.525461,-95.756462
76701,31.551955,-97.13833
78751,30.310707,-97.723
79562,32.230821,-99.90025
77418,29.983095,-96.26843
76360,33.963228,-98.97235
77435,29.520049,-96.08527
78947,30.414806,-97.03904
75047,32.767268,-96.777626
75048,32.975723,-96.58661
75704,32.388631,-95.41373
88576,31.694842,-106.299987
75368,32.767268,-96.777626
78752,30.332506,-97.70571
79101,35.206402,-101.83924
79735,30.877528,-102.852
79326,34.04877,-102.20958
75014,32.767268,-96.777626
77228,29.83399,-95.434241
78025,30.102854,-99.27685
75434,33.423626,-95.3567
79243,33.787306,-100.98464
75215,32.76103,-96.77035
76354,34.085289,-98.58881
79166,35.401475,-101.895089
88523,31.694842,-106.299987
77578,29.487395,-95.35807
77880,30.281022,-96.16922
76664,31.549368,-96.8233
77624,30.664543,-94.30391
79718,30.966245,-103.73108
88533,31.694842,-106.299987
75975,31.903614,-94.40775
79409,33.610018,-101.821292
79534,32.766833,-100.21048
76012,32.752048,-97.13514
76251,33.660084,-97.71727
77255,29.83399,-95.434241
77382,30.214741,-95.53212
77546,29.516873,-95.19472
79739,31.807661,-101.51475
77960,28.694847,-97.24182
79091,34.938094,-102.11087
77001,29.813142,-95.309789
78246,29.437532,-98.461582
88529,31.694842,-106.299987
88539,31.694842,-106.299987
75789,32.137225,-95.10105
77430,29.290602,-95.70739
77983,28.405373,-96.70325
78472,27.740225,-97.579207
78118,28.894382,-97.90102
79984,31.694842,-106.299987
79376,33.203713,-102.62018
79912,31.848055,-106.54487
76121,32.771419,-97.291484
77534,29.226396,-95.33797
77593,29.506921,-95.111987
77701,30.074112,-94.10358
77857,30.796177,-96.70685
77879,30.368922,-96.52359
79501,32.754555,-99.89507
78780,30.326374,-97.771258
78253,29.461353,-98.75976
75216,32.710082,-96.7972
76888,31.589203,-99.62601
77477,29.626187,-95.57145
78332,27.737965,-98.09302
78852,28.716242,-100.48058
79119,35.097488,-101.98105
79015,34.971029,-101.9212
79780,31.026706,-103.65509
76483,33.155666,-99.2174
77234,29.83399,-95.434241
77882,30.896204,-96.40959
78073,29.227135,-98.60919
78666,29.876944,-97.94668
79845,29.597409,-104.27058
79848,30.144953,-102.39894
75979,30.768601,-94.40671
77304,30.33146,-95.50703
78602,30.120443,-97.30991
79516,32.747707,-100.9153
76082,32.964932,-97.69803
77582,30.023932,-94.66678
78223,29.352352,-98.43215
78957,30.010487,-97.16036
75662,32.387151,-94.87439
76518,30.851275,-97.13837
76119,32.691033,-97.26479
78125,28.535247,-97.93937
78717,30.494623,-97.75687
77277,29.83399,-95.434241
75326,32.767268,-96.777626
75672,32.513986,-94.30704
75948,31.332569,-93.75338
76528,31.43211,-97.72602
75861,31.829314,-95.86383
78111,28.944864,-97.882815
77299,29.83399,-95.434241
77586,29.576638,-95.03486
77383,29.83399,-95.434241
75008,33.20743,-97.116282
77084,29.839155,-95.66391
77245,29.83399,-95.434241
78233,29.552128,-98.36775
78539,26.344128,-98.18011
78771,30.326374,-97.771258
79721,32.27328,-101.373968
75439,33.573304,-96.27386
75949,31.226939,-94.5321
77269,29.83399,-95.434241
77272,29.83399,-95.434241
77588,29.512687,-95.254188
78028,30.042529,-99.15152
78474,27.777,-97.463213
78368,28.101323,-97.82968
78781,30.326374,-97.771258
75238,32.873926,-96.70922
76273,33.705904,-96.91786
77070,29.978801,-95.57655
75037,32.767268,-96.777626
75115,32.599286,-96.85882
78573,26.409709,-98.224206
79941,31.694842,-106.299987
75491,33.494285,-96.39598
77029,29.760794,-95.26043
76445,32.298841,-98.55194
77659,30.150405,-94.41515
75027,33.20743,-97.116282
78046,27.435814,-99.45996
78225,29.387734,-98.52492
75473,33.801663,-95.50309
76502,31.086483,-97.40076
78834,28.524292,-99.83827
79702,31.963698,-102.080064
75472,32.906194,-95.87967
75693,32.533965,-94.86062
78838,29.541648,-99.71817
78582,26.445982,-98.69332
77284,29.83399,-95.434241
77439,29.487774,-94.951647
78553,26.125242,-97.475663
78617,30.166225,-97.62496
76430,32.742591,-99.27519
77984,29.442934,-97.18691
79057,35.263424,-100.61635
75833,31.27575,-95.90131
76703,31.553646,-97.203166
77709,30.176361,-94.187683
78151,28.878902,-97.71427
78645,30.453776,-97.97507
75164,33.065217,-96.31152
75242,32.767268,-96.777626
75441,33.432974,-95.65815